Software Name,Version,Support Tier,Category,Price- annual $
CloudSync Pro,3.2.1,Premium,Cloud Storage,49999
SecureMail,5.0.0,Standard,Email Security,150
DataViz Studio,2.8.4,Premium,Data Visualization,600
TaskFlow,1.9.7,Basic,Productivity,120
CodeGuard,4.3.2,Premium,Code Security,350
HR Suite,6.1.0,Standard,HR Management,400
SalesForceX,7.0.3,Premium,CRM,750
FinancePro,3.5.6,Standard,Accounting,550
WebMonitor,2.2.0,Premium,Network Monitoring,300
DesignLab,5.4.1,Standard,Graphic Design,250
HelpDesk Pro,4.0.2,Premium,Support Ticketing,450
InventoryMax,2.7.3,Standard,Inventory Management,380
MarketInsight,1.5.9,Premium,Market Analysis,650
LegalDocs,3.1.5,Standard,Document Management,280
DevOps Suite,6.2.4,Premium,Automation,800
EventPlanner,2.0.0,Basic,Event Management,180
SocialPulse,3.9.1,Standard,Social Analytics,220
BackupVault,4.8.0,Premium,Backup,550
TimeTrack,1.2.3,Basic,Time Management,100
AssetManager,3.0.1,Standard,Asset Management,320
TestSuite,2.5.7,Premium,Testing,400
LearningHub,5.3.2,Standard,Learning Management,270
ProcureFlow,4.1.9,Premium,Procurement,500
SurveyMaster,2.6.4,Standard,Survey,200
RemoteDesk,3.7.0,Premium,Remote Access,420
BudgetWise,1.8.2,Standard,Budgeting,160
ContentFlow,4.2.1,Premium,Content Management,580
AdManager,3.3.5,Standard,Ad Management,360
FileShareX,2.1.8,Basic,File Sharing,140
AnalyticsPro,5.7.3,Premium,Business Intelligence,700
RecruiterPlus,3.6.0,Standard,Recruitment,300
DocuSignX,6.0.2,Premium,E-signature,480
MobileManager,2.4.7,Standard,Mobile Device Management,340
BrandMonitor,1.7.5,Premium,Brand Management,440
WorkflowX,4.5.2,Standard,Workflow Automation,390
EmailBlast,3.2.9,Basic,Email Marketing,190
ServerGuard,5.1.3,Premium,Server Security,520
VideoMeet,2.3.6,Standard,Video Conferencing,240
NotesPlus,1.4.8,Basic,Note Taking,80
BugTracker,3.8.1,Standard,Issue Tracking,210
ClientPortal,2.9.4,Premium,Client Management,460
FleetManager,4.6.2,Standard,Fleet Management,370
FormsBuilder,2.0.5,Basic,Form Creation,130
PasswordSafe,3.3.3,Premium,Password Management,290
ResourceHub,5.2.1,Standard,Resource Planning,410
ChatConnect,2.1.0,Premium,Messaging,260
SchedulerPro,3.4.6,Standard,Scheduling,230
PrintManager,1.6.2,Basic,Print Management,110
ComplianceCheck,4.0.8,Premium,Compliance,540
KnowledgeBase,2.8.7,Standard,Knowledge Management,310
ProjectSync,5.5.1,Premium,Project Collaboration,620
Acme CRM,3.2.1,Premium,CRM,1296
DataGuard,5.0.0,Standard,Security,864
DesignPro,2.4.7,Basic,Design,378
CloudSync,1.9.3,Premium,Cloud Storage,648
QuickBooks,2024.1,Standard,Accounting,756
TeamFlow,4.3.2,Premium,Collaboration,486
MailMaster,7.1.0,Basic,Email,216
CodeForge,6.2.5,Premium,Development,1026
Insight BI,3.8.1,Standard,Business Intelligence,1188
HelpDesk Pro,2.0.4,Premium,Support,594
ProjectHub,5.5.0,Standard,Project Management,540
SecureVault,4.1.2,Premium,Security,972
WebBuilder,3.0.9,Basic,Web Development,432
HR Suite,2.7.3,Standard,HR,702
AssetTrack,1.3.8,Basic,Asset Management,324
SocialPulse,6.0.2,Premium,Social Media,810
LegalEase,2.2.0,Standard,Legal,918
InventoryPro,4.4.1,Premium,Inventory,1080
EventManager,3.1.5,Basic,Event Management,270
SurveyGen,1.8.6,Standard,Survey,486
DocuSign,2024.2,Premium,E-signature,648
TimeTrack,2.5.9,Standard,Time Management,378
LearningHub,3.7.4,Premium,Learning,864
BudgetWise,1.2.3,Basic,Budgeting,270
ComplyTrack,2.0.1,Standard,Compliance,594
AdManager,5.6.2,Premium,Advertising,972
FileShare,3.2.8,Basic,File Sharing,216
DevOps Suite,4.8.0,Premium,DevOps,1188
AnalyticsPro,2.9.3,Standard,Analytics,1026
SchedulerX,1.6.7,Basic,Scheduling,324
BrandMonitor,2.3.1,Standard,Brand Management,702
TicketEase,3.4.2,Premium,Support,648
ContentFlow,2.1.0,Basic,Content Management,432
VPN Secure,5.0.5,Standard,Security,540
PayrollPro,3.3.3,Premium,Payroll,918
FormsGen,1.7.2,Basic,Forms,270
RemoteDesk,2.2.8,Standard,Remote Access,594
IdeaBoard,1.5.4,Premium,Collaboration,756
ProcurePro,4.1.6,Standard,Procurement,648
MeetingMate,2.0.0,Basic,Meetings,216
FleetTrack,3.2.1,Standard,Fleet Management,810
WikiWorks,1.9.4,Premium,Wiki,486
TestLab,2.8.7,Standard,Testing,702
RecruitPro,3.1.2,Premium,Recruitment,864
NoteSync,1.4.3,Basic,Notes,162
BackupSafe,4.0.1,Standard,Backup,648
WorkflowGen,2.3.5,Premium,Workflow,972
ChatConnect,3.6.2,Basic,Chat,270
DocManager,5.2.0,Standard,Document Management,540
ExpenseEase,2.1.7,Premium,Expense Management,810
MobileSuite,1.8.9,Standard,Mobile Management,702
OfficeSuite Pro,2024.2,Premium,Productivity,270
SecureMail,5.8.1,Standard,Security,120
DesignFlow,3.4.0,Premium,Design,380
SalesForceX,2024.1,Enterprise,CRM,700
DataMiner,2.9.3,Standard,Data Analysis,420
CodeStudio,2024.6,Premium,IDE,320
HRConnect,1.7.2,Standard,HR Management,190
CloudSync,4.2.5,Enterprise,Cloud Storage,540
ProjectTrack,2024.3,Premium,Project Management,300
WebGuard,6.1.0,Standard,Security,160
MarketInsight,2.5.4,Premium,Analytics,480
TimeSheet Pro,3.2.1,Standard,Time Tracking,100
AssetManager,5.0.0,Premium,Asset Management,230
HelpDesk360,2.1.8,Enterprise,Support,400
InvoiceGen,1.9.7,Standard,Accounting,210
SocialPulse,4.8.2,Premium,Social Media,280
TestLab,3.0.5,Standard,Testing,170
EventPlanner,2.2.0,Premium,Scheduling,150
BackupPro,6.7.1,Enterprise,Backup,600
SurveyMaster,1.3.4,Standard,Survey,90
ContentHub,5.5.2,Premium,Content Management,350
LegalDocs,2.0.3,Standard,Document Management,250
DevOpsSuite,2024.4,Enterprise,DevOps,650
VideoMeet,3.6.1,Premium,Communication,210
BudgetWise,2.8.0,Standard,Budgeting,130
RecruiterPro,1.5.2,Premium,Recruitment,270
InventoryTrack,4.3.7,Standard,Inventory,200
LearningPortal,2.6.4,Premium,Learning,310
RiskWatch,3.1.2,Enterprise,Risk Management,500
FileShareX,5.0.9,Standard,File Sharing,110
BrandMonitor,2.7.3,Premium,Brand Management,370
ServerGuard,7.2.1,Enterprise,Server Security,620
TaskMaster,4.1.0,Standard,Task Management,180
AnalyticsPro,2024.5,Premium,Analytics,440
MobileManager,3.3.2,Standard,Mobile Device Management,220
WikiPro,2.0.0,Premium,Knowledge Base,120
ExpenseTrack,1.8.5,Standard,Expense Management,150
CreativeSuite,2024.3,Premium,Design,410
ChatConnect,2.4.1,Standard,Communication,80
Compliance360,3.7.0,Enterprise,Compliance,560
FormBuilder,2.2.3,Standard,Forms,100
SchedulerX,4.0.2,Premium,Scheduling,140
DocuSignPro,5.1.6,Enterprise,E-signature,360
RemoteAccess,6.3.2,Standard,Remote Access,240
IdeaBoard,1.4.0,Premium,Collaboration,190
PayrollPlus,2.9.1,Standard,Payroll,230
BugTracker,3.5.2,Premium,Bug Tracking,260
ResourcePlan,2.3.8,Enterprise,Resource Management,470
MailManager,4.6.0,Standard,Email,140
TeamSpace,3.1.4,Premium,Collaboration,220
AccessControl,5.2.7,Enterprise,Access Management,500
ReportGen,2.1.9,Standard,Reporting,170
OfficeSuite Pro,2024.2.1,Premium,Productivity,150
SecureMail,5.8.0,Standard,Email Security,120
DesignFlow,3.4.2,Premium,Graphic Design,250
DataVault,2.9.7,Enterprise,Database,400
CloudSync,1.12.0,Standard,Cloud Storage,100
HRConnect,6.1.3,Premium,HR Management,180
ProjectPilot,4.0.5,Standard,Project Management,220
CodeStudio,2024.6.0,Enterprise,IDE,300
SalesForceX,9.3.1,Premium,CRM,350
AnalyticsPro,7.2.4,Enterprise,Analytics,450
TimeKeeper,2.5.0,Standard,Time Tracking,80
WebGuard,3.8.9,Premium,Web Security,200
InvoiceGen,1.7.2,Standard,Invoicing,140
SocialBuzz,5.0.1,Premium,Social Media,270
AssetTrack,3.2.0,Standard,Asset Management,160
HelpDeskPro,4.9.3,Enterprise,Help Desk,380
TestSuite,2.1.7,Standard,Testing,190
EventPlanner,1.3.4,Premium,Event Management,210
BackupMaster,6.0.0,Enterprise,Backup,420
SurveyPro,3.7.2,Standard,Survey,130
LegalDocs,2.8.1,Premium,Document Management,230
FleetManager,5.2.6,Standard,Fleet Management,170
LearningHub,4.4.0,Premium,Learning Management,260
CommsSuite,7.1.2,Enterprise,Unified Communications,360
ProcureFlow,3.0.8,Standard,Procurement,150
DevOpsTools,2024.5.3,Enterprise,DevOps,410
ContentCraft,2.6.1,Premium,Content Management,240
VideoMeet,8.2.0,Standard,Video Conferencing,180
InventoryPro,5.5.2,Premium,Inventory Management,290
BudgetTrack,3.3.3,Standard,Budgeting,120
AdManager,2.7.5,Premium,Ad Management,280
MobileSuite,1.9.0,Enterprise,Mobile Management,330
TicketFlow,4.2.1,Standard,Ticketing,160
SEOBoost,3.8.4,Premium,SEO,220
FormsPlus,2.4.3,Standard,Forms,110
SchedulerX,5.1.0,Premium,Scheduling,200
PasswordSafe,6.3.2,Enterprise,Password Management,320
FileSharePro,2.2.7,Standard,File Sharing,140
BrandMonitor,1.5.6,Premium,Brand Monitoring,260
RemoteDesk,3.0.2,Enterprise,Remote Access,370
PayrollPro,4.7.1,Premium,Payroll,230
NotesPlus,2.3.0,Standard,Note Taking,90
CampaignSuite,5.6.2,Premium,Campaign Management,300
WorkflowGen,3.9.1,Enterprise,Workflow Automation,390
DocuSignX,7.2.3,Premium,E-Signature,250
ResourceHub,2.8.0,Standard,Resource Management,170
ChatConnect,4.1.5,Premium,Chat,190
MonitorIT,6.4.2,Enterprise,IT Monitoring,340
FormsGen,1.6.4,Standard,Forms,100
RecruitPro,3.5.2,Premium,Recruitment,240
Acme CRM,5.2.1,Premium,Customer Relationship Management,1296
SecureVault,3.8.0,Standard,Data Protection,810
